"","x","y","x.1","y.1","x.2","y.2","x.3","y.3","x.4","y.4","x.5","y.5","x.6","y.6","x.7","y.7","x.8","y.8","x.9","y.9","x.10","y.10","x.11","y.11","x.12","y.12","x.13","y.13","x.14","y.14","x.15","y.15","x.16","y.16","x.17","y.17","x.18","y.18","x.19","y.19","x.20","y.20","x.21","y.21","x.22","y.22","x.23","y.23","x.24","y.24","x.25","y.25","x.26","y.26","x.27","y.27","x.28","y.28","x.29","y.29","x.30","y.30","x.31","y.31","x.32","y.32","x.33","y.33","x.34","y.34","x.35","y.35","x.36","y.36","x.37","y.37","x.38","y.38","x.39","y.39","x.40","y.40","x.41","y.41","x.42","y.42","x.43","y.43","x.44","y.44","x.45","y.45","x.46","y.46","x.47","y.47","x.48","y.48","x.49","y.49","x.50","y.50","x.51","y.51","x.52","y.52","x.53","y.53","x.54","y.54","x.55","y.55","x.56","y.56","x.57","y.57","x.58","y.58","x.59","y.59","x.60","y.60","x.61","y.61","x.62","y.62","x.63","y.63","x.64","y.64","x.65","y.65","x.66","y.66","x.67","y.67","x.68","y.68","x.69","y.69","x.70","y.70","x.71","y.71","x.72","y.72","x.73","y.73","x.74","y.74","x.75","y.75","x.76","y.76","x.77","y.77","x.78","y.78","x.79","y.79","x.80","y.80","x.81","y.81","x.82","y.82","x.83","y.83","x.84","y.84","x.85","y.85","x.86","y.86","x.87","y.87","x.88","y.88","x.89","y.89","x.90","y.90","x.91","y.91","x.92","y.92","x.93","y.93","x.94","y.94","x.95","y.95","x.96","y.96","x.97","y.97","x.98","y.98","x.99","y.99"
"1",0.140393042936921,-2.28574037562818,0.457848806399852,-1.69802989891575,0.0463368487544358,-2.24350711434734,-0.0837403396144509,-2.39357031620074,0.995194770395756,-0.679307487617817,0.744762152899057,-1.50430655676574,-0.886755453888327,-4.5826915210167,0.727205438073725,-1.0366787986882,-0.224492898676544,-4.20380414310117,0.670837006531656,-1.42300637192472,-0.0867008375935256,-3.3269658556838,-0.447277677245438,-4.49079458736684,0.339469887781888,-1.54965200335785,-0.283925541676581,-2.3336238632015,-0.910133488010615,-5.56754102523017,0.729199314489961,-1.57493673127556,0.23325955402106,-5.32329851692521,-0.409798133652657,-4.67257300049505,-0.956836397759616,-3.45754696618072,0.717004619538784,-1.4347991253466,0.0462482194416225,-3.7134055600481,0.834578536450863,-1.61156582216692,0.404734908603132,-1.22203670588863,-0.679416830185801,-5.25207770947602,-0.246391812805086,-1.42796323825324,-0.598703202791512,-5.67496123375093,-0.367446308024228,-3.22023013171653,0.705199168995023,-1.76204950217924,0.395440478809178,-0.155094330931975,0.682065712288022,-2.23690542912803,0.688531078398228,-1.12860045583354,-0.860550400801003,-4.29513811655845,-0.319552103988826,-4.71165292102182,0.285930537153035,-2.4893858787388,0.681641276925802,-1.73699794424729,-0.983358070254326,-7.5007013700602,0.403313226532191,-2.76788550530628,-0.847976473625749,-5.49739847672086,-0.396733866538852,-3.97331939125974,0.954846657812595,-1.67737284294555,0.0684189228340983,-2.76556256338003,-0.0593055207282305,-3.90408730842303,0.971931186039001,-0.17028549747698,-0.347884668968618,-3.62294984738158,0.507836385630071,-1.32744991279853,0.0849547847174108,-0.526357485821614,0.383658554404974,-2.30156755682451,0.171734156552702,-2.07215789084156,-0.402582841925323,-3.6487932926742,-0.196642179507762,-3.05817447288132,-0.958117675967515,-4.39758919135823,-0.754866617266089,-4.65086022746722,0.648427239619195,-2.46323311317611,0.152030510827899,-1.88037872562503,-0.831431154161692,-5.15529425433079,-0.767674678470939,-2.14630139117588,0.287081160116941,-3.07980651595626,-0.892757947556674,-4.61541226709147,0.0847402797080576,-2.20415402678912,0.983285180758685,-1.08721117978791,-0.764311146456748,-4.24307332910679,0.57699143467471,-1.43032561477133,-0.160035697277635,-3.27407580456062,-0.762815797701478,-5.18799612534478,-0.867422964423895,-4.11128516829778,-0.502393763046712,-3.73941737345639,-0.298680775798857,-3.18190731564488,-0.473249955102801,-3.91684834188356,0.351117689628154,-1.22068117534693,-0.63733051950112,-4.82013787612936,-0.176128589082509,-3.2325652566973,-0.953529592137784,-2.54998842334932,0.228680355940014,-1.64427813362013,-0.42550506722182,-3.08747530863516,0.315897701308131,-1.85021501420228,-0.0356396911665797,-2.36801244305189,0.803749793209136,-2.01373762115991,-0.484556019306183,-4.69595486983702,-0.596757984254509,-4.90026876456868,0.789687087293714,-1.41350691776042,-0.405310147907585,-5.33369167402933,-0.334175849799067,-2.83627622348489,-0.320136528462172,-3.44101250864757,-0.822976296767592,-3.99117347726591,0.231901803053916,-2.32670418396276,-0.960828139446676,-5.6125053259274,0.566462028305978,0.427424384703567,-0.762002920266241,-4.89432747678721,0.737477043177933,-2.47785764419311,0.321795204188675,-2.87400378099228,-0.838026750367135,-5.89221665781668,0.177785000298172,-4.01132627511592,0.397045336663723,-2.92239972916102,0.417195554357022,-3.12959037194632,-0.594196631573141,-5.36835357174682,-0.77808964299038,-4.32197805566268,0.0669240467250347,-1.16530270385073,0.00897275283932686,-3.51520840760991,-0.725976080168039,-2.81400935044752,0.430253201629966,-0.321516177653416
"2",-0.0237440611235797,-3.19090986813645,-0.562112120911479,-4.14539793206477,0.181658085435629,-0.811448053994051,-0.97953815292567,-5.48508878185429,-0.518819699529558,-4.56131484410322,0.519030888564885,-2.11730865872747,0.149209662340581,-3.87546605748463,-0.162836574483663,-3.79831024662617,0.282346755731851,-4.8275215322377,0.890087094623595,-0.466449958349596,0.964333032723516,-0.261966654579696,-0.898353208787739,-5.61959565603255,-0.850189696997404,-2.99644853863603,0.440168522763997,-2.141081564163,0.350647940766066,-3.20546900126061,-0.624561074655503,-4.12832044026347,-0.699472190346569,-3.61163164327997,-0.200614921748638,-2.73273780620352,-0.896333172917366,-5.01777169881724,0.311850959900767,-3.18418508242251,-0.980442573782057,-3.82949093844139,0.703049813397229,-0.928384910212363,-0.515056839678437,-4.07759917729269,0.549912671558559,-0.841094933194048,0.692598959896713,-3.50439788051967,0.212527877651155,-2.71138800051456,0.417043275665492,-2.50109884524874,0.498813362326473,-3.57754188597342,-0.0166074098087847,-3.77542445008033,0.904534831643105,-0.294431423814437,-0.487131441477686,-4.89313420419958,0.877558959182352,-1.14756256437163,0.115845568478107,-3.18915053517454,0.613278566394001,0.233417525882568,-0.714215226005763,-4.07533405579779,0.119234424550086,-3.32261575564259,-0.622984187677503,-4.37318418423712,-0.190662132576108,-2.97808097888037,-0.55004834709689,-4.03919653118942,0.856471851468086,-0.792620029306832,0.282374263741076,-0.537972761049967,-0.493071235716343,-5.22380999924431,0.893496182747185,-1.56365721834463,-0.702131203375757,-5.72934688399975,0.488362577743828,-3.26435213047287,-0.486431773751974,-4.67322335908127,-0.677861675620079,-3.92747488213866,-0.618420338723809,-5.63922183889205,0.362172375433147,-3.46795051731458,-0.436072265729308,-4.15217149886788,-0.315658267587423,-3.63395527833493,0.944192090071738,-0.644282046792841,0.793812701944262,-1.23180140560861,0.250463824719191,-3.15212774303629,-0.875307303853333,-5.38775229030603,0.319145308807492,-2.44876917603923,-0.622555779758841,-5.8231225560712,0.374098422005773,-1.31347550401103,-0.263046649750322,-3.32064595189789,0.063815058209002,-2.98724069263418,-0.784051932394505,-5.50191418084349,-0.171382279600948,-1.95547681751966,0.0448350687511265,-3.30933182804912,0.917906993068755,-1.5996467743845,-0.920924758538604,-6.70345512511324,0.470431495457888,-3.52870617359397,0.748397971037775,-3.31479608523119,-0.348534441553056,-3.50767813300528,0.0647975062020123,-4.05843046409504,0.849766619037837,-1.60810413272839,-0.457124266773462,-3.80259936925714,-0.124409376177937,-3.83150447178391,0.273102420382202,-1.42078612553095,-0.135019237175584,-2.88282173245238,0.749386295676231,-0.775970146273246,0.993395149707794,-1.15012214594761,0.895169232506305,-2.31228456442633,-0.703788948711008,-5.15265777516182,0.897377334535122,-1.18552967136872,0.181795001029968,-2.35925620990688,-0.994209709577262,-4.85715954065055,0.516124231275171,0.1195164161396,-0.980283021461219,-7.33011334858118,-0.433868783526123,-2.3524005754511,0.698069927282631,-2.42791834026108,0.309197227004915,-0.953094611316876,-0.422201053705066,-3.44417660337201,0.0445294571109116,-3.55248556503253,0.966896320227534,-1.51610796878878,0.629904058761895,-2.19419858109119,-0.581631461158395,-4.35538660532415,-0.592784379608929,-4.86092784780621,0.113358912989497,-3.08856740851627,-0.321360230911523,-4.25375788154284,0.979591995943338,-1.25451794796245,0.376239290926605,-1.73691078508104,0.283082524314523,-2.27213000396724,0.732882491312921,-2.83431061162211,0.321490579284728,-4.15630799195498,-0.730100693181157,-4.51344378944074
"3",-0.992303657811135,-4.98828539786371,0.661667698062956,-1.44606973013114,0.288090819492936,-0.481761439267894,0.249415072612464,-3.35649185586875,0.617809959221631,-1.24806775587568,0.313876083586365,-3.40911715849985,0.237149558030069,-3.9528213619514,-0.387662961147726,-4.13329412885173,0.540185601450503,-1.10756351579897,-0.160261983517557,-3.71035651531653,-0.232634268235415,-3.03440532469584,0.757138488814235,-3.1106745026139,0.892008217517287,-3.50778112464821,0.468131402973086,-2.31143051370225,-0.110355927608907,-2.8129481426354,0.568164582364261,-1.11108591756978,-0.35844733659178,-6.13769142349057,0.521755769383162,-2.56633845708717,0.410354669671506,-3.139170934359,0.505896101240069,-1.6435168239255,0.646450015250593,-2.07737082586177,-0.769856886006892,-4.79084309996267,0.370364595204592,-2.25328745239745,0.791166801005602,-1.97444781714063,-0.947781460359693,-6.29500845617727,-0.68957172613591,-5.98421234019372,0.368818805553019,-1.92645796000091,-0.896179935894907,-5.11211784847603,-0.783965043723583,-4.91147260743878,0.847389629576355,-1.58426076214853,0.290128146763891,-1.04118143805653,0.0656038550660014,-2.39806426714867,0.413359278347343,-3.42868430578539,-0.447616960387677,-2.12584442313908,-0.634024342987686,-4.65643822765902,-0.0171175058931112,-3.18681624491074,-0.52343332208693,-4.65860310095983,-0.749068682547659,-3.9316392506669,0.0195996104739606,-3.76617735493922,-0.0263349157758057,-3.16806486554041,0.147047859616578,-3.77204032221908,-0.887683993205428,-6.02700389152006,-0.946336176246405,-4.95627176987669,-0.154947919771075,-4.45470405111571,0.652910915669054,-0.580404989761842,0.313607671763748,-1.29901616328042,-0.375714816618711,-3.63925492180841,0.160833958070725,-4.16681325958703,0.259910751134157,-1.35689119054159,-0.196380428504199,-3.81583921274325,0.819551047403365,-2.26397620229729,-0.0221314621157944,-2.76651208969081,-0.490438672713935,-5.38701487992903,-0.503330679610372,-4.33776161408766,0.583042194601148,-2.61467453334771,-0.317182146478444,-4.58523803971163,-0.14505359577015,-3.76677314775947,0.869123176671565,-0.374758801301113,0.867135980166495,-1.70141141730767,0.725308577995747,-1.99208090780396,0.788292372599244,-2.52839626984317,-0.817442199680954,-3.99917413601767,-0.59547560242936,-4.18618373613216,0.857525180093944,-2.0018663830983,0.712623911444098,-0.830480238305834,0.436311186291277,-2.47762291830266,-0.425894440151751,-3.89589515082056,0.314448166638613,-3.76113356948169,-0.487646566238254,-3.64503267609075,-0.833762724883854,-4.42957424642091,-0.00133760971948504,-2.19365995081771,0.00494673475623131,-2.42216036516262,0.688216274604201,-2.21798942986306,-0.276991079095751,-4.08184402288354,-0.997093358077109,-5.00808108735953,0.815323864109814,-2.42025622763947,0.717944441363215,-1.06909071027408,-0.237874282989651,-4.02750682561468,-0.900929071009159,-4.16598343983631,-0.758453354705125,-5.02959297040843,0.11028407420963,-2.93845854466212,0.884384539909661,-1.88067291797029,-0.276686927303672,-4.66254837482211,-0.715125556569546,-5.00061104908265,0.317520720418543,-0.0481448181851434,-0.777581719681621,-4.87297736402694,-0.436532645020634,-4.48201783861959,0.448141850531101,-1.37548974790833,0.619489322416484,-2.47974144207297,-0.334642313886434,-3.33553032330974,-0.248767755925655,-3.22486592799214,-0.37476381007582,-4.51833305773722,0.777506737969816,-2.51723816704723,0.445653188042343,-1.61029108325087,0.0606830180622637,-3.57126268845797,-0.347533002495766,-4.98489169991995,-0.746730234473944,-2.28110045052174,-0.862150572240353,-4.7991640016514,0.993709409609437,-1.11097129770494,-0.874018345028162,-4.20582842209997
"4",0.880640447605401,-0.289789420718129,-0.447204732336104,-3.8545933061195,0.67308349115774,-2.38730562550984,0.70890221837908,-1.84093392093394,0.214536592829973,-3.78384902180377,0.65368788735941,-1.14404645553671,-0.775164007209241,-4.96968701546822,-0.846271549351513,-4.0244575235314,-0.731613882351667,-3.39856180439851,-0.937088618520647,-3.82991137600019,0.220212139189243,-4.68441798077047,-0.978862964082509,-6.44866968980673,-0.95517945708707,-5.47815921454587,0.567300150636584,-1.74525725680363,-0.514551814645529,-4.2432873439101,0.135745337232947,-0.0993381365043948,-0.434961856808513,-4.40655908329115,-0.0936536537483335,-3.64027249188237,-0.617741708178073,-3.8275382583808,-0.931479297112674,-6.11277345083695,0.545932159759104,-1.92213029295233,-0.0610985946841538,-2.54332955413719,-0.47089860169217,-3.51089628748559,-0.333663664758205,-4.31989492600577,-0.591192427556962,-4.37528050101807,-0.963754184078425,-5.23359749979483,-0.279771476984024,-3.43575450548796,-0.942372233141214,-4.45971659026855,0.365046897437423,-1.6455166294404,0.767658968921751,0.552760651988188,0.159137935377657,-3.80908294907263,0.770773254800588,-2.53339960184781,0.98237071884796,-0.387608972707928,0.640984915662557,-1.17450720661606,0.0985983405262232,-2.65527830512591,0.826744055375457,-1.15192979286903,0.0448753098025918,-2.81159361671009,-0.195574447512627,-3.20244344759371,0.632321291137487,-2.31163860442094,-0.949668680783361,-5.29482294563228,0.977485469542444,-1.12257887357048,0.3643828779459,-2.99699589592948,0.547839117702097,-3.48632541067987,0.147473250515759,-1.30385744994974,0.370437992736697,-2.10413843294513,-0.385077065788209,-3.39317731489561,0.988411652855575,0.55975901224816,-0.449383346363902,-4.0360959100587,0.795391807332635,-0.455694815143969,-0.124093564227223,-2.17349614078283,0.144228069111705,-2.87441702963257,0.537254625465721,-2.65952161038741,0.457034878432751,-1.26272532845205,-0.0482215760275722,-2.71103908304276,0.560232938267291,-2.13638302365766,-0.0313324755989015,-3.06774236158727,0.772666762117296,-1.70506512991143,-0.877155188471079,-5.84340236398961,-0.000897876918315887,-3.99111101534576,0.965208954643458,-2.5166542718822,0.0695325862616301,-3.26123144594277,0.520980326924473,-1.37264976962296,0.279583339579403,-1.7351579894943,0.800421454943717,-2.65485563572439,0.233257184270769,-4.08269577656924,-0.508997482713312,-3.21408611821376,-0.808536409866065,-5.03388337725981,-0.136744756717235,-3.21965148326245,0.525218029506505,-0.175938674493747,-0.759224268142134,-2.78336172054883,0.814266779460013,-2.5552488033882,-0.375320087652653,-6.11337063430867,-0.907723620068282,-3.1878715838312,0.461973805911839,-1.37536072630414,0.111499120481312,-2.97480108295162,0.861916771158576,-2.47304794798554,0.939660333562642,-2.02332196722603,0.0955889145843685,-3.7368514011619,0.850539625156671,-1.03783177238696,-0.911324401851743,-5.76711093519544,-0.754248950164765,-2.64290764341776,0.571334154810756,-0.687034890555666,-0.932892537675798,-4.88334519742063,-0.585917288437486,-3.12029910903183,0.187860045582056,-2.34897861555289,0.646518834866583,-1.49370357981639,-0.839229000732303,-3.90398511055617,-0.371127612888813,-3.22377579785183,0.489504237659276,-0.883616281246114,0.780931784771383,-1.95473183395286,0.156582716386765,-2.89600790284249,0.360327853821218,-2.3485974744283,0.254255262669176,-3.65811428758507,0.395259966142476,-1.43191991355336,-0.470144495833665,-4.06252906896806,-0.353146115317941,-4.41733814814522,-0.520047093275934,-3.54488677667691,-0.71025389013812,-5.00314694631167,-0.351285961456597,-5.53602829675806,-0.959944002330303,-4.95628039590013
"5",0.711020868737251,0.140968821860137,0.773822154384106,-1.65704889129915,-0.752516246400774,-5.32663037213666,0.781288912054151,-0.995490427643178,-0.408068932127208,-3.0907522785863,-0.668517543934286,-4.16853165704658,-0.246929154731333,-3.59258738988148,0.421165156643838,-2.79243684157071,0.0651961574330926,-3.09952258671301,-0.555260008201003,-3.37620654105535,-0.225329742766917,-4.11411203945115,-0.860850798897445,-3.74531170839449,-0.370813499204814,-2.48542748707807,-0.334310752339661,-3.11133815292683,0.37349139759317,-2.24022976516073,0.158982833847404,-1.99006505669296,0.434491362888366,-1.69652796179731,-0.707080553285778,-4.42811378933054,-0.267623101361096,-4.50786510680688,-0.319649187847972,-3.54120326493503,-0.444440890103579,-3.9643211713813,-0.930533452890813,-4.6874763307349,0.301336176227778,-2.03966173135786,-0.791079377755523,-5.3561266738717,-0.954075783025473,-4.89105349025434,0.248400997370481,-4.16985585025991,-0.372427524533123,-3.55011741910737,0.651914055459201,-2.38170387761427,0.298442975152284,-1.50747523511264,-0.768117700703442,-3.23503025170489,-0.35464806528762,-2.6917431895669,-0.585724711883813,-5.74357056877655,0.185995411127806,-2.04295736570427,0.0846755364909768,-1.96290400120965,-0.0620985687710345,-2.87433343477501,0.163959019351751,-5.37449167132903,-0.213808855507523,-2.35166105041702,-0.041769337374717,-2.73233706589467,0.289064059965312,-2.23131102744692,0.487559172790498,-2.74748634487018,-0.708612741902471,-4.56944294930286,0.607059446163476,-3.07071498634307,0.438117865007371,-1.25986587673824,-0.154451685957611,-4.71731003538237,-0.00583119178190827,-2.97152652481895,0.630106968339533,-0.501387673777181,0.251721586100757,-2.3845757148288,0.91785325249657,-1.25507502923546,-0.214818912092596,-4.08070870778142,-0.0966446767561138,-3.22741036729679,0.678519418928772,-1.22131966545758,-0.702187271323055,-3.8447651304548,0.617565093096346,-0.641451913982948,-0.265663657337427,-2.56070384385607,0.97868040855974,-1.50526611586706,-0.95093889022246,-7.07199379126209,-0.892145252320915,-5.57065526593698,0.230716388206929,-4.63865364525407,-0.00782741699367762,-1.81375565212196,-0.358636390417814,-4.72867093901837,-0.72678209701553,-4.53597765868938,-0.974022618960589,-3.96501039262877,-0.64266507467255,-5.63345942618195,-0.947019242215902,-5.79839065329105,0.721206082496792,-1.62087061754589,0.415112022776157,-2.31891314166988,0.425718707498163,-0.467058875039001,-0.234395583625883,-3.16999963300537,-0.0830197501927614,-4.17118144008701,0.782294146250933,-0.272973584027079,-0.0391750484704971,-4.31269412830167,0.533329231198877,-2.85020492512438,-0.283573165070266,-1.52672015778909,0.545322623103857,-0.241370512495854,-0.184422255959362,-4.41032006191191,-0.273155551869422,-4.51883202664248,-0.108011235017329,-4.05260631606455,0.770384747069329,-0.504019778950835,-0.190380789805204,-2.35976154316492,-0.822167397942394,-6.08469297874393,0.422939788550138,-1.2954697210432,0.057822332251817,-1.83734940418698,0.19089711504057,-0.904014245679913,0.851342020090669,-1.76789933482906,0.409757779445499,-2.61664115418052,-0.322842892259359,-2.20682209848656,-0.997154328972101,-2.8626043268353,0.81442252965644,-0.984265872757486,0.547662352677435,-2.23268443116725,0.857220584060997,-0.0539111258894198,0.143857934977859,-2.68947214092031,-0.987678643781692,-3.61540518481336,-0.943857990670949,-3.11923740675484,0.165158127900213,-4.07415185815854,0.72787427296862,-2.26702743538058,0.605966839008033,-3.02098717177423,0.310103127267212,-1.29577367131998,-0.0954161803238094,-3.38976133938392,0.449518209323287,-3.06608170035473,-0.453409630805254,-5.83048146411875
"6",-0.617833641823381,-4.1687920774553,-0.405560926534235,-4.01530483255914,-0.589424707461149,-4.22372028646225,0.340644196141511,-3.11887890699946,0.303093397058547,-2.0836739689979,-0.881146363448352,-4.69227283338719,0.596121991053224,-1.04534772723402,0.746044827159494,-2.26175359548025,0.570219062268734,-3.16268366560605,-0.817930105142295,-3.97077910146907,0.99839061498642,-0.639979038896386,-0.467830842360854,-5.41792897473409,-0.803479581139982,-3.44563594371962,0.717763407621533,-2.75267152875536,0.380950075574219,-1.48006815678077,-0.342154414393008,-2.94516868748131,0.074598063249141,-3.38678797957901,0.0812440575100482,-3.47822337076611,-0.917892380617559,-4.41791278060203,-0.913169049657881,-3.50774429002329,-0.747137098107487,-5.38291953442358,-0.118483084719628,-1.48541378363939,0.735906441695988,-0.30286052780994,-0.0936278644949198,-3.5373217975243,-0.271849749609828,-3.88952450962667,0.77705025440082,0.558004086686194,0.0597206177189946,-4.39387748553817,-0.343619933351874,-4.32117797684178,0.408236701507121,-1.70170328632456,-0.336775791365653,-3.42149240601599,-0.325450787320733,-4.94048936696449,-0.256797820329666,-3.51511613014998,0.215084672905505,-2.03473278498815,0.41872434085235,-0.263205939842407,0.892190929036587,-0.948889672459216,0.245294074527919,-1.59763635584344,0.583402276504785,-1.19262564627012,0.859528543427587,-0.611230992519821,-0.0411731195636094,-3.77779101848586,0.786689885891974,-4.3409735890211,-0.722735365387052,-3.79698816072875,-0.44097592914477,-2.10767342937715,-0.249483858700842,-2.90590227724772,-0.609839060809463,-3.09083316594249,0.436660579871386,-1.11811105843555,0.115497324150056,-2.51134795546062,-0.0506917866878211,-2.92446175151697,-0.55325867747888,-4.07780151468036,0.904532741289586,-0.29860204347519,0.535048200748861,-0.313184217047268,0.65798873687163,-0.778374705291891,0.634335983078927,-0.206946176372692,-0.551180297043175,-3.02972419276081,0.659602194093168,-0.517362016488702,0.0861950973048806,-1.68798753500849,-0.959941957145929,-3.43850451637184,0.473892867565155,-1.03383467809366,-0.998752184677869,-6.40198722587327,0.832757594995201,-0.139006792185284,-0.128556420095265,-2.21773093546503,-0.0636167656630278,-3.44940471042782,-0.717021032702178,-4.51792612626871,0.0314449775032699,-1.24515654574618,0.70484313601628,-0.94491617824152,0.576501928735524,-0.551956679974308,-0.363005727063864,-4.29512683151749,-0.816290450282395,-5.8045095832602,-0.843004635069519,-4.69247737516992,0.258506576064974,-3.02363397956688,0.138772741891444,-4.80155473705767,-0.866859165020287,-4.04040699250056,-0.558100718073547,-4.51539892547884,-0.744603021070361,-3.8531314268219,-0.960888160392642,-4.81621156232744,0.0459390645846725,-3.76807898592133,-0.140918525867164,-1.4842258410756,0.206366595812142,-2.32480258402895,0.563984306063503,-1.17929543834141,-0.112486147321761,-3.03247826899774,-0.926894126925617,-5.2443377278117,0.0163569785654545,-2.57548662458552,0.169773255474865,-1.66280131631256,-0.630760249681771,-3.28038017974295,0.388980576768517,-3.03958404042563,-0.783882356714457,-4.48993876284298,0.617310989648104,-2.09067484711263,0.759487385861576,-0.186971790352234,0.85886443220079,-1.29742743422069,-0.331526534631848,-3.19517777421327,0.0933841061778367,-2.41752397497634,0.744600390084088,-1.2082430124603,-0.355285982601345,-3.46372962642962,-0.99973964272067,-5.88372032169109,0.397365774493665,-1.90117767541313,0.109217058401555,-2.13991836047237,0.757195635233074,-2.72703289618814,-0.21180988335982,-3.46412145614975,0.167707522865385,-3.9024945895242,-0.185275485273451,-3.46090136124925,0.620047348551452,-2.8157076865444
"7",0.855131889227778,-0.380242474601548,0.689096657093614,-2.9622718485587,0.781226511113346,-0.770925888981791,0.122794948052615,-3.72325321540884,0.223486521746963,-2.25676706744233,-0.0561482845805585,-0.979322260976203,0.767794724553823,-1.4012748026246,0.271142151672393,-3.58689336583091,-0.594384545926005,-3.00668028935498,-0.631709152832627,-3.59374252552557,0.0835184128955007,-2.01401802794977,0.391341126058251,0.377525091990337,0.118006480392069,-3.88644868339446,0.332769292872399,0.331163511631337,-0.0759243471547961,-4.25706341577892,0.993072032462806,-1.58262957664666,-0.722139582037926,-4.15881275308088,0.204634381458163,-2.922200955303,0.974884656723589,-0.709140403882261,0.476011710241437,-2.77747791595671,0.443911398760974,-3.31027165840583,0.956774954684079,-2.15008361186826,0.0740463566035032,-4.67626677963403,-0.234697535634041,-3.14623915906674,-0.5751469633542,-4.4843195340185,0.920186139177531,-1.02860930125026,-0.72577549982816,-3.89164418170623,-0.0894168321974576,-4.66107818279378,-0.740347908809781,-2.90632443177932,-0.787424450274557,-5.91207163611579,0.594611804001033,-0.263315486472985,0.833729462232441,1.77475875594128,0.788282494526356,-2.49445478863754,0.284556105732918,-1.45042485286437,-0.223702361807227,-4.70550957346474,0.637673877645284,-1.88566463054902,0.997560166753829,0.0225681456202889,0.969767843838781,-2.13626436791872,-0.805311270523816,-4.21266557335457,0.489918056875467,-1.03731315374052,-0.393300596158952,-5.17877258629024,0.835608914494514,-0.98702588770992,0.644129680469632,-0.054082427495066,-0.921165125910193,-4.01028288712644,0.170512489974499,-2.84022319365987,0.363665152341127,-0.586351595080723,-0.28406341560185,-5.30522261844705,0.649604161735624,-1.18547498679286,-0.031099446117878,-3.36008945104729,-0.168862179853022,-3.8164982268507,-0.632729446515441,-4.42845449913338,0.382204114459455,-3.34502980229795,0.695082799997181,-1.71331694102943,-0.213441103696823,-2.76257171432006,-0.295347329229116,-2.95618362848949,0.629485348705202,-1.77390653251648,-0.559465653263032,-5.01073446799526,-0.85878695640713,-4.94272645114247,-0.010734495241195,-2.27316123190484,0.635369056370109,-1.13863112660147,-0.483171410858631,-3.80685394396708,-0.843291255179793,-4.16522754585992,0.835664552170783,-2.49931431910159,0.687891628593206,-1.46512522512616,-0.27585287252441,-0.868677006881392,0.688556408975273,-0.591999874910834,0.708433298394084,-1.84335845309942,0.737793291453272,-1.4080026270965,-0.122045618947595,-4.02284322382551,0.991687030997127,-2.28089838920157,-0.817648586817086,-5.08731463916285,-0.361797980032861,-3.65239389191311,0.231234233826399,-1.53125299549589,-0.807191256433725,-3.8853863737596,0.218031720258296,-1.58683389788863,0.200310778804123,-1.18209029330848,0.450455019716173,-1.1974197730891,0.624960339162499,-3.08224386819298,0.0277052149176598,-2.3342849312651,0.535799818113446,0.0437888062299547,0.311728422064334,-3.15760954386453,-0.519999475684017,-3.24714075921865,-0.488622958771884,-3.86549220349493,0.677977480459958,-2.01309950464603,-0.584008920472115,-5.33603583282435,-0.201066681649536,-2.54112243067459,-0.111287112813443,-2.52837957584097,0.91438366798684,-0.668560747617688,0.359596762806177,-1.69922836304354,-0.654828112572432,-4.16513878638911,-0.674142444040626,-4.82659658121182,-0.156546353828162,-4.32370827869524,0.0955671742558479,-3.13215241118805,-0.69592533679679,-3.2778570512311,-0.497182209044695,-1.9660199896038,-0.134698534850031,-3.91081334839453,-0.912057599984109,-4.66182688197217,0.628658612258732,-2.22364536294105,0.140601418446749,-4.37998007160917,0.280943470541388,-0.718299488687157
"8",0.829239832703024,0.300916112160116,0.581805835943669,-1.46249703895036,0.431354036554694,-0.729724831480179,-0.148832695558667,-4.12032822384309,0.452013210393488,-2.07858348950455,-0.36816078890115,-3.56111678847223,0.110291650518775,0.106752349168461,0.778997330926359,-0.32790389100206,-0.39120338531211,-3.366559563745,0.189451679587364,-4.07096348762716,0.38685505092144,-2.95767786675842,0.879084652289748,-3.04950826632453,-0.877734153997153,-4.79730878745165,0.807667450979352,-2.36292607275587,0.729500645771623,-0.511629378142316,-0.708313177339733,-5.55437497180009,-0.583113739266992,-2.60302478230842,-0.116435447707772,-4.42088399646197,-0.278735703788698,-2.47490332223921,0.90530451759696,-2.47683479685096,-0.365839648991823,-3.78907783672543,-0.380555474199355,-2.93477226400678,-0.379801399074495,-4.38654755253423,0.446300165727735,-1.99704729786316,0.947813221253455,-0.271253190919726,-0.473961883690208,-2.84740212008812,-0.278128087986261,-4.02018362150983,0.321897210087627,-0.583104496769256,0.815370787400752,-0.0517702833494016,-0.418378964532167,-3.83225056421868,0.149814013857394,-3.67817614999019,-0.542859330773354,-3.71358160396793,-0.812509685754776,-5.50306215219418,-0.917000143323094,-4.50671401749285,-0.369300219230354,-2.99386948366001,0.437560297548771,-1.89053758521409,-0.690266270656139,-5.98550055916185,0.873399533331394,0.197173766764764,-0.240058518014848,-2.48594233299835,-0.520209525711834,-4.7731020254144,0.549757844768465,-2.61268688810866,0.682448040693998,-0.973779976877914,0.608895291574299,-2.22976490077454,0.714172944892198,-1.38983058392312,0.636751590296626,-0.358601314884972,-0.293813529890031,-4.66225672056552,0.825234652496874,-2.1933164227331,0.644077073782682,-1.69563471542363,-0.644776725210249,-4.05026844659118,-0.127683496102691,-3.62496667551183,-0.565208913758397,-3.67119881891197,-0.741992746479809,-5.55645784687663,0.0521122696809471,-3.12572263574128,0.769498885143548,-1.63027400896262,0.533995537087321,-2.11827108156661,0.779054197017103,-1.91631903469907,0.822076709475368,-1.6928730620933,0.562228053808212,-1.55668832948042,0.767935178242624,0.12290083048263,0.394419889897108,-0.68046561901375,0.803211338352412,-2.29449263350352,0.155552393291146,-1.61100119647068,-0.725456594955176,-4.57652593896224,0.826161782257259,-0.181765316168026,0.933855321258307,-0.2158563163746,0.750308811664581,-0.344184490851827,-0.854473426938057,-3.9519535618035,-0.762900879140943,-4.29006931144888,-0.717823771759868,-4.05106281063771,-0.408682414330542,-1.92710846449169,0.590348645113409,-2.04540195484352,-0.53358612395823,-3.87086329782296,-0.204851408023387,-4.27405327883698,-0.771916085854173,-4.82284244671639,0.322389470878989,-2.56239238560659,0.872187497094274,-0.111520301131006,-0.619165771640837,-3.68277631590383,0.386463992763311,-2.26313321331637,-0.420302889775485,-3.32338947600283,0.559337663464248,-1.48977420963412,-0.521879704669118,-3.46509914582766,-0.0735010388307273,-4.35708648073036,0.902313520666212,-1.85042111723638,-0.0369839794002473,-1.83236045486707,0.466639831196517,-1.91326318448674,-0.36615193542093,-4.63182433546831,0.904605635907501,-2.65937079217376,0.796948778443038,-1.92899495313814,-0.77788216387853,-4.18204761083714,0.089163716416806,-1.89983250333265,0.231805013027042,-2.671871078622,-0.965746140107512,-5.5664438183869,-0.238320547156036,-3.64149979514468,0.790181168355048,-0.0491765169326976,0.100388531573117,-2.30370006663639,0.454892297741026,-2.02837256968887,0.247809464111924,-2.60678124368847,0.437098691239953,-2.2777116400155,-0.936526815406978,-6.5564947735091,0.527449741493911,-1.53279314437608
"9",-0.569043498951942,-2.7613016182796,0.440269482322037,-0.0160117119759247,-0.617030004970729,-4.7493701436437,-0.938029051292688,-4.55745761133229,0.112383173312992,-3.7570734339557,-0.417092665098608,-4.42685962169047,0.0245401719585061,-2.09688872697335,-0.0288612972944975,-1.60679158376677,-0.589815193321556,-4.08458782802924,0.453673467040062,-3.85126065590049,-0.348231717012823,-3.6576084906093,-0.771124847233295,-3.53683396916658,0.668092309497297,-0.424403467019772,-0.635833765845746,-2.75148545380569,-0.818358002230525,-4.7477850229811,-0.463364074006677,-4.49745732602372,-0.496459540445358,-4.66514633415003,-0.100834992248565,-3.07408304381892,-0.208680329378694,-5.07383098799295,-0.488575774244964,-3.01574887357409,0.20539491251111,-2.5316830926509,0.272848835680634,-3.74269769518337,0.00104182725772262,-1.56263926326692,-0.902961139567196,-5.14244595999165,0.526804462540895,-1.44342041840786,0.0128888660110533,-2.65623657362501,0.260358217172325,-3.75517261973424,0.978172316215932,-1.19773819450831,-0.555083408486098,-3.80279657126835,0.433721974026412,-3.31596422625124,0.378876543603837,-1.90279010443872,-0.535219236277044,-3.67742576107326,-0.967839051038027,-3.41830643760065,0.843722157645971,-0.672650599222421,-0.288816165644675,-1.95604617598104,0.0597226866520941,-2.13718895198207,0.180622298270464,-2.86758811569283,-0.34105513477698,-3.66169952142496,0.40086108725518,-2.58175181286747,0.907496182713658,-2.44610281540185,0.470674299169332,-2.89369041123825,0.771720621269196,-0.682713186981886,0.652975732460618,-2.12419377181586,-0.129421446938068,-2.94444944773219,0.928187570534647,-2.11032945326762,-0.708872148301452,-3.01908145793472,-0.672338603064418,-5.10627940939957,0.758513702545315,-1.29966002625974,-0.168139667250216,-3.56828066161801,0.32085680263117,-4.0166842681901,0.795908310916275,-2.07113873560838,-0.211196310352534,-4.80709636496163,0.419723938684911,-2.38832792535809,0.959096543025225,-0.169403979024847,-0.403664402663708,-2.696528594587,-0.608538387808949,-5.7084531341476,-0.132476293947548,-4.50922879755215,0.982919824309647,-1.84208946154624,-0.166209415532649,-3.14173667675672,-0.279874286148697,-0.387960390545401,0.811322440393269,-2.89479093756106,-0.665469442494214,-4.72814153785551,-0.378567161504179,-4.22857417129212,0.440531730186194,-2.81514987694519,-0.571970332879573,-4.86294320111021,-0.559676648117602,-5.18318974349188,-0.213178503792733,-5.20298080559484,-0.559271539095789,-3.12185019550628,0.942654861602932,-1.10095235441107,-0.56032558856532,-4.94441768250703,-0.70250588376075,-2.70489321858952,-0.27533435029909,-2.66394111433002,0.781534675508738,-2.84207474497888,-0.730930573772639,-5.32364723099906,0.615968692116439,-0.559005870612941,-0.83541955286637,-6.11142123446836,-0.3787487228401,-2.98602516179438,0.558574066497386,-2.61238692468894,-0.67885919706896,-4.85616469495869,0.570318978279829,-2.6712034044823,0.814481334295124,-3.6079263292374,0.547506442759186,-0.979637480678471,0.668559783603996,-1.38879644552251,-0.210919773671776,-3.59501279905269,-0.287888932041824,-5.97471466337744,0.26708006253466,-3.04090299855444,0.543682338669896,-2.5559187004944,0.854513307567686,-0.426690062711603,-0.0199931091628969,-4.15951056612257,0.478372964542359,-0.561735033113552,-0.685929481405765,-5.37489361216728,-0.752143191173673,-5.01561055813503,0.717727060895413,-2.10758302575473,0.0801259810104966,-1.55783276079648,-0.732669409830123,-3.11453293195445,-0.242537215352058,-4.58603434503368,-0.00352885760366917,-2.094725637959,0.589820767752826,-0.992733956253896,0.012368593364954,-0.441420098461089,-0.98332587396726,-5.75699405626332
"10",-0.107242427766323,-3.46610965127726,-0.706252460833639,-4.60710938619105,-0.608151844237,-3.9521289773782,-0.0544948880560696,-1.72611301999908,0.801285728346556,-1.66583298242633,-0.885262039024383,-5.82946042349668,0.612216945271939,-2.65725326935277,-0.754717198666185,-4.49276846928689,0.820036797318608,-2.88666401083899,0.999896320980042,-0.881751857205369,-0.230845168232918,-4.48606600862819,0.844102257397026,-2.26241097493868,0.877588824369013,-2.15420993662957,-0.630371870007366,-6.72783649328506,0.705951900221407,-0.825017795916024,-0.111020618118346,-3.35431840968312,-0.733481644187123,-4.06287654058059,-0.567312042694539,-4.68969422714794,0.603750100359321,-3.21695901089665,-0.735085937660187,-2.35476507849913,-0.448891948442906,-2.31517948511628,0.361762589309365,-1.87893107555173,-0.77029576105997,-4.84412975440611,0.390449811704457,-1.09970686407664,0.95436768559739,-0.3925558263341,-0.119168418459594,-2.47793049880589,0.133299679961056,-2.18458530822471,-0.492093042936176,-4.24049061642809,0.17820650851354,-0.269616990769816,-0.976780153810978,-6.80448779581449,-0.352982313372195,-4.26323501696003,-0.702014103531837,-3.7482759224378,-0.585966200102121,-4.20786182334967,0.513590552378446,-2.85959073043981,-0.7242894154042,-4.94131231462419,0.682832727674395,-2.16149398602936,-0.00547605101019144,-3.04854943940061,-0.787384324707091,-2.02746669964631,-0.526745180599391,-2.41183891817944,0.0666194707155228,-2.05862279913414,-0.945719852577895,-4.93698820553721,-0.509346953593194,-3.58434659590225,0.965491626411676,-1.83923280504476,-0.548684017267078,-3.76945279642739,0.284374298527837,-2.33019649418109,-0.557657248340547,-5.97907637373703,0.374907824210823,-2.11839085644689,-0.454572158399969,-3.37526562611865,-0.968052798882127,-4.66306702021906,-0.937115903478116,-6.08737248309179,0.330837702378631,-5.46848689887365,0.353858186397702,-3.59215900607947,-0.500034011900425,-4.6600039465687,-0.124738520011306,-1.76012744123656,0.133178516756743,-2.07523082850292,-0.513880918268114,-4.31360693278105,0.0872378600761294,-3.17859782316179,-0.323527578264475,-3.02723518819277,0.877792912069708,-0.375914415034948,-0.744652618654072,-4.82988952469263,-0.981894592754543,-2.80889564807797,0.279911218676716,-2.9766966657226,-0.893234322313219,-4.0025853476791,-0.248199243564159,-4.18768254579707,-0.0899265776388347,-2.73613886812094,-0.221869396045804,-2.93580786206685,0.0768611896783113,-3.85659725348062,0.138706075493246,-2.15288987267002,0.880731678567827,-2.79561319268668,-0.289621565490961,-2.50361704269511,-0.467931300867349,-2.79324492379496,0.756498214323074,0.501129608215755,0.408045410178602,-1.12199724081465,0.596964362543076,-1.78652848513511,0.480507019441575,-1.18437242293865,0.616947535425425,0.665141643996534,-0.0112303686328232,-3.15431274809765,-0.580731439869851,-5.53004165352626,-0.379557621665299,-3.09142838289976,-0.91870294790715,-3.38445100374764,-0.649744858499616,-6.51185918265849,0.512482993770391,-1.25723014357523,0.839033881668001,-0.206240022378025,-0.324514235835522,-2.07145896606905,0.763418775517493,-0.625666970657284,0.00848287297412753,-3.91140837863226,-0.822502568829805,-3.61433377891895,-0.398295314516872,-4.06652770957917,0.816622122190893,-2.5053946692811,-0.759891671128571,-2.87633643803007,-0.574841427151114,-4.3042532669183,0.242317912634462,-2.42596657868906,-0.869229523930699,-3.29536839113019,-0.603715518023819,-1.99246073267876,-0.866727803833783,-5.0496833232821,-0.955629541538656,-2.43747473681517,-0.612265298143029,-2.86727958912031,0.321130041498691,-2.5968188600579,-0.999569443054497,-5.85757812776206,0.279746940825135,-4.07958875648185
